"DESCRIPTION","DURATION IN MS","NAME","PARENT SUITE","START TIME","STATUS","STOP TIME","SUB SUITE","SUITE","TEST CLASS","TEST METHOD"
"","10501","Correct fill registration form","Telnyx Voice AI Application Tests","2026-10-03","broken","2026-10-03","","","",""
"","10493","Verify ""Native-Speech Pipeline"" Video in ""HOW IT WORKS""","Telnyx Voice AI Application Tests","2026-10-03","broken","2026-10-03","","","",""
"","1862","Verify AI Assistant Widget Opens via Green Button","Telnyx Voice AI Application Tests","2026-10-03","passed","2026-10-03","","","",""
"","13500","Main title change 3 times","Telnyx Voice AI Application Tests","2026-10-03","broken","2026-10-03","","","",""
"","10854","Verify ""How It Works"" Block Animation on Scroll","Telnyx Voice AI Application Tests","2026-10-03","broken","2026-10-03","","","",""
"","11436","Button ""Call your agent"" scroll to block ""HD Voice AI""","Telnyx Voice AI Application Tests","2026-10-03","broken","2026-10-03","","","",""
"","11631","Verify Copy Button in ""FOR DEVELOPERS"" Block","Telnyx Voice AI Application Tests","2026-10-03","broken","2026-10-03","","","",""
"","11916","Verify Code Change: ""Chat with Language Model""","Telnyx Voice AI Application Tests","2026-10-03","broken","2026-10-03","","","",""
"","11166","Main title change 3 times","Telnyx Voice AI Application Tests","2026-10-03","broken","2026-10-03","","","",""
"","10457","Button ""START BUILDING"" above the footer open page of registration","Telnyx Voice AI Application Tests","2026-10-03","broken","2026-10-03","","","",""
"","10426","Verify Navigation to Dev Docs from ""FOR DEVELOPERS"" Block","Telnyx Voice AI Application Tests","2026-10-03","broken","2026-10-03","","","",""
"","11261","Verify ""Ask AI"" Function via Footer GPT Icon","Telnyx Voice AI Application Tests","2026-10-03","broken","2026-10-03","","","",""
"","10645","Button ""Call your agent"" scroll to block ""HD Voice AI""","Telnyx Voice AI Application Tests","2026-10-03","broken","2026-10-03","","","",""
"","11299","Verify ""How It Works"" Block Animation on Scroll","Telnyx Voice AI Application Tests","2026-10-03","broken","2026-10-03","","","",""
"","10551","Click on ""Products"" in header show drop list","Telnyx Voice AI Application Tests","2026-10-03","broken","2026-10-03","","","",""
"","3143","Button ""Contact us"" open page with form ""Talk to an expert""","Telnyx Voice AI Application Tests","2026-10-03","passed","2026-10-03","","","",""
"","11632","Verify Navigation Arrow: ""Purchase a Phone Number""","Telnyx Voice AI Application Tests","2026-10-03","broken","2026-10-03","","","",""
"","11798","Verify ""Voice AI Agents"" Video in ""OUR SOLUTIONS""","Telnyx Voice AI Application Tests","2026-10-03","broken","2026-10-03","","","",""
"","10523","Promo field of the form registration shows after click on ""Apply a promo code""","Telnyx Voice AI Application Tests","2026-10-03","broken","2026-10-03","","","",""
"","10736","Click on ""MCP integration"" in block ""HOW IT WORKS"" displays a description of this function","Telnyx Voice AI Application Tests","2026-10-03","broken","2026-10-03","","","",""
"","11591","Click on ""Products"" in header show drop list","Telnyx Voice AI Application Tests","2026-10-03","broken","2026-10-03","","","",""
"","11496","Button ""Contact us"" open page with form ""Talk to an expert""","Telnyx Voice AI Application Tests","2026-10-03","broken","2026-10-03","","","",""
"","10753","Verify Main Video Autoplay on Page Load","Telnyx Voice AI Application Tests","2026-10-03","broken","2026-10-03","","","",""
"","1566","Verify AI Assistant Widget Opens via Green Button","Telnyx Voice AI Application Tests","2026-10-03","passed","2026-10-03","","","",""
"","10525","Button ""Sign Up"" open page registration","Telnyx Voice AI Application Tests","2026-10-03","broken","2026-10-03","","","",""
"","11432","Correct fill registration form","Telnyx Voice AI Application Tests","2026-10-03","broken","2026-10-03","","","",""
"","10443","Verify Code Change: ""Chat with Language Model""","Telnyx Voice AI Application Tests","2026-10-03","broken","2026-10-03","","","",""
"","11460","Promo field of the form registration shows after click on ""Apply a promo code""","Telnyx Voice AI Application Tests","2026-10-03","broken","2026-10-03","","","",""
"","2179","Validation of the ""Talk to an expert"" phone field in the form with number","Telnyx Voice AI Application Tests","2026-10-03","passed","2026-10-03","","","",""
"","11269","Button ""START BUILDING"" above the footer open page of registration","Telnyx Voice AI Application Tests","2026-10-03","broken","2026-10-03","","","",""
"","11302","Click on ""MCP integration"" in block ""HOW IT WORKS"" displays a description of this function","Telnyx Voice AI Application Tests","2026-10-03","broken","2026-10-03","","","",""
"","10406","Verify Copy Button in ""FOR DEVELOPERS"" Block","Telnyx Voice AI Application Tests","2026-10-03","broken","2026-10-03","","","",""
"","12132","Verify Main Video Autoplay on Page Load","Telnyx Voice AI Application Tests","2026-10-03","broken","2026-10-03","","","",""
"","11518","Button ""Sign Up"" open page registration","Telnyx Voice AI Application Tests","2026-10-03","broken","2026-10-03","","","",""
"","11702","Verify Navigation to Dev Docs from ""FOR DEVELOPERS"" Block","Telnyx Voice AI Application Tests","2026-10-03","broken","2026-10-03","","","",""
"","11817","Verify ""Native-Speech Pipeline"" Video in ""HOW IT WORKS""","Telnyx Voice AI Application Tests","2026-10-03","broken","2026-10-03","","","",""
"","11313","Validation of the ""Talk to an expert"" phone field in the form with number","Telnyx Voice AI Application Tests","2026-10-03","broken","2026-10-03","","","",""
"","13734","Verify ""Ask AI"" Function via Footer GPT Icon","Telnyx Voice AI Application Tests","2026-10-03","broken","2026-10-03","","","",""
"","10429","Verify Navigation Arrow: ""Purchase a Phone Number""","Telnyx Voice AI Application Tests","2026-10-03","broken","2026-10-03","","","",""
"","10428","Verify ""Voice AI Agents"" Video in ""OUR SOLUTIONS""","Telnyx Voice AI Application Tests","2026-10-03","broken","2026-10-03","","","",""
